name,position,draft_year,college,time_period,difficulty,image_url
Justin Gilbert,DB,,Oklahoma State,,hard,https://upload.wikimedia.org/wikipedia/commons/5/53/Justin_Gilbert_2014_Browns_training_camp_%283%29.jpg
Dee Milliner,DB,,Alabama,,hard,https://upload.wikimedia.org/wikipedia/commons/2/20/DeMarcus_Milliner_at_Alabama.jpg
Stephon Gilmore,,,South Carolina,,hard,https://upload.wikimedia.org/wikipedia/commons/f/f2/Stephon_Gilmore_WFT-Panthers_NOV2021_%28cropped%29.jpg
Darius Slay,,,Mississippi State,,medium,https://upload.wikimedia.org/wikipedia/commons/c/c0/Darius_Slay_On_January_1_2017_%28cropped%29.jpg
Xavien Howard,,,Baylor,,hard,https://upload.wikimedia.org/wikipedia/commons/0/07/Xavien_Howard_at_2022_Pro_Bowl.png
James Bradberry,,,Samford,,hard,https://upload.wikimedia.org/wikipedia/commons/d/d9/James_Bradberry_Giants_SEPT2021_%28cropped%29.jpg
Carlton Davis,,,Auburn,,hard,https://upload.wikimedia.org/wikipedia/commons/1/19/Carlton_Davis_%2850833222407%29_%28cropped%29.jpg
Asante Samuel,,,UCF,,hard,https://upload.wikimedia.org/wikipedia/commons/d/d1/Asante-Samuel-2008-Camp-Military-Appreciation.jpg
Nnamdi Asomugha,,,California,,hard,https://upload.wikimedia.org/wikipedia/commons/f/fb/Nnamdi_Asomugha_in_2009.jpg
Champ Bailey,,,Georgia,,medium,https://upload.wikimedia.org/wikipedia/commons/a/ae/Champ_Bailey_2010.JPG
Charles Woodson,,,Michigan,,easy,https://upload.wikimedia.org/wikipedia/commons/6/63/Charles_Woodson_2014_2.JPG
Ty Law,,,Michigan,,medium,https://upload.wikimedia.org/wikipedia/commons/b/b0/Ty_Law.JPG
Darrell Green,,,Texas A&I,,extreme (touch grass),https://upload.wikimedia.org/wikipedia/commons/a/a1/Darrell_Green_49ers_at_Redskins_2019_%2848933295231%29_%28cropped%29.jpg
Deion Sanders,,,Florida State,,easy,https://upload.wikimedia.org/wikipedia/commons/9/9f/Deion_Sanders_%288216060%29_%28cropped%29.jpg
Ronde Barber,,,Virginia,,medium,https://upload.wikimedia.org/wikipedia/commons/e/ea/Ronde_Barber.JPG
Brian Dawkins,,,Clemson,,easy,https://upload.wikimedia.org/wikipedia/commons/8/88/Brian_Dawkins_Philly_HOF_%28cropped%29.jpg
Ed Reed,,,Miami,,easy,https://upload.wikimedia.org/wikipedia/commons/b/bb/Ed_Reed_by_Gage_Skidmore.jpg
Troy Polamalu,,,USC,,easy,https://upload.wikimedia.org/wikipedia/commons/2/28/Troy_Polamalu_2013_%28cropped%29.jpg
Earl Thomas,,,Texas,,easy,https://upload.wikimedia.org/wikipedia/commons/5/5f/Earl_Thomas_vs._Redskins_2014_Cropped.jpg
Kam Chancellor,,,Virginia Tech,,easy,https://upload.wikimedia.org/wikipedia/commons/9/99/Kam_Chancellor_2014_2.jpg
Eric Berry,,,Tennessee,,medium,https://upload.wikimedia.org/wikipedia/commons/2/24/Eric_Berry.JPG
Malcolm Jenkins,,,Ohio State,,medium,https://upload.wikimedia.org/wikipedia/commons/b/bd/Malcolm_Jenkins_2014.jpg
Tyrann Mathieu,,,LSU,,easy,https://upload.wikimedia.org/wikipedia/commons/0/04/Tyrann_Mathieu_Chiefs_OCT2021_%28cropped%29.jpg
Landon Collins,,,Alabama,,medium,https://upload.wikimedia.org/wikipedia/commons/b/bb/Landon_Collins_2021.jpg
Jamal Adams,,,LSU,,easy,https://upload.wikimedia.org/wikipedia/commons/d/d1/2025_Raiders_at_Commanders_Jamal_Adams_%28cropped%29.jpg
Kevin Byard,,,Middle Tennessee State,,hard,https://upload.wikimedia.org/wikipedia/commons/e/e1/Kevin_Byard.jpg
Harrison Smith,,,Notre Dame,,medium,https://upload.wikimedia.org/wikipedia/commons/7/7d/Harrison_Smith_%28American_football%29.JPG
Budda Baker,,,Washington,,medium,https://upload.wikimedia.org/wikipedia/commons/5/55/Budda_Baker_on_FanDuel_TV_FEB2023_%28cropped%29.png
Antoine Winfield Jr.,,,Minnesota,,medium,https://upload.wikimedia.org/wikipedia/commons/4/45/Antoine_Winfield_Jr_WFT-Buccaneers_NOV2021_%28cropped%29.jpg
Kyle Hamilton,,,Notre Dame,,easy,https://upload.wikimedia.org/wikipedia/commons/3/30/Kyle_Hamilton_%2853880437431%29.jpg
Jaquan Brisker,,,Penn State,,medium,https://upload.wikimedia.org/wikipedia/commons/f/fb/Jaquan_Brisker.png
Justin Tucker,,,Texas,,easy,https://upload.wikimedia.org/wikipedia/commons/1/18/Justin_Tucker_JUL2024_%2853880733153%29.jpg
Wil Lutz,,,Georgia State,,hard,https://upload.wikimedia.org/wikipedia/commons/c/c4/Wil_Lutz.png
Jake Elliott,,,Memphis,,hard,https://upload.wikimedia.org/wikipedia/commons/5/57/Jake_Elliott_-_April_2025_Philadelphia_Eagles_Visit_ANC_%28cropped%29.jpg
Matt Prater,,,Central Florida,,hard,https://upload.wikimedia.org/wikipedia/commons/3/38/Matt_Prater_2012.JPG
Adam Vinatieri,,,South Dakota State,,extreme (touch grass),https://upload.wikimedia.org/wikipedia/commons/d/dd/Rigoberto_Sanchez%2C_Adam_Vinatieri_%2844679700592%29_%28cropped%29.jpg
Stephen Gostkowski,,,Memphis,,hard,https://upload.wikimedia.org/wikipedia/commons/a/a1/Stephen_Gostkowski_9_27_2020.jpg
Mason Crosby,,,Colorado,,hard,https://upload.wikimedia.org/wikipedia/commons/0/02/Mason_crosby_2010.jpg
Sebastian Janikowski,,,Florida State,,hard,https://upload.wikimedia.org/wikipedia/commons/d/d4/Sebastian_Janikowski.JPG
Kirk Cousins,,,Michigan State,,easy,https://upload.wikimedia.org/wikipedia/commons/f/fa/Cousins_2022.jpg
Ryan Tannehill,,,Texas A&M,,medium,https://upload.wikimedia.org/wikipedia/commons/2/25/Ryan_Tannehill_2021_09-19.jpg
Jimmy Garoppolo,,,Eastern Illinois,,hard,https://upload.wikimedia.org/wikipedia/commons/8/83/Raiders_QB_visits_Nellis_Airmen_%281%29_%28cropped%29.jpg
Matthew Stafford,,,Georgia,,easy,https://upload.wikimedia.org/wikipedia/commons/5/53/Stafford_6_731_%28cropped3%29.jpg
Philip Rivers,,,NC State,,hard,https://upload.wikimedia.org/wikipedia/commons/3/3d/Philip_Rivers_Indianapolis_Colts_Helmet.jpg
Ben Roethlisberger,,,Miami (OH),,hard,https://upload.wikimedia.org/wikipedia/commons/9/96/Ben_Roethlisberger_%2851654680119%29_%28cropped%29.jpg
Cam Newton,,,Auburn,,medium,https://upload.wikimedia.org/wikipedia/commons/8/87/Cam_Newton_2021_WFT_vs_CAR_%28cropped%29.jpg
Andrew Luck,,,Stanford,,medium,https://upload.wikimedia.org/wikipedia/commons/8/80/Andrew_Luck_vs._Redskins_2018.jpg
Carson Palmer,,,USC,,medium,https://upload.wikimedia.org/wikipedia/commons/7/7f/Carson_Palmer_2015.JPG
Isiah Pacheco,,,Rutgers,,hard,https://upload.wikimedia.org/wikipedia/commons/e/ec/POPCC_%28cropped%29.png
Rachaad White,,,Arizona State,,hard,https://upload.wikimedia.org/wikipedia/commons/1/1b/Buccaneers_RB_Rachaad_White_-_Front_Office_Sports_Interview.png
Tyler Allgeier,,,BYU,,hard,https://upload.wikimedia.org/wikipedia/commons/1/16/Tyler_Allgeier.png
Dameon Pierce,,,Florida,,medium,https://upload.wikimedia.org/wikipedia/commons/e/ea/Dameon_Pierce_%28cropped%29.jpg
James Cook,,,Georgia,,easy,https://upload.wikimedia.org/wikipedia/commons/7/76/Captainjamescookportrait.jpg
Jerome Ford,,,Cincinnati,,hard,https://upload.wikimedia.org/wikipedia/commons/9/9b/Jerome_Ford_%2852340583231%29_%28cropped%29.jpg
Zamir White,,,Georgia,,medium,https://upload.wikimedia.org/wikipedia/commons/9/99/Zamir_White.jpg
Kyren Williams,,,Notre Dame,,medium,https://upload.wikimedia.org/wikipedia/commons/8/8c/2025_FanDuel_Super_Bowl_LIX_Winner_Poll_-_Kyren_Williams_%28cropped%29.png
Tyjae Spears,,,Tulane,,hard,https://upload.wikimedia.org/wikipedia/commons/2/26/2024_GB_vs_TEN_Tyjae_Spears_%28cropped%29.png
Tank Bigsby,,,Auburn,,hard,https://upload.wikimedia.org/wikipedia/commons/f/f2/Tank_Bigsby_interview.png
Zach Charbonnet,,,UCLA,,hard,https://upload.wikimedia.org/wikipedia/commons/a/af/Zach_Charbonnet_2019.09.07_%2848870334696%29_%28cropped%29.jpg
De'Von Achane,,,Texas A&M,,medium,https://upload.wikimedia.org/wikipedia/commons/0/0a/2024_FanDuel_Interview_De%27Von_Achane_%28cropped%29.png
Kendre Miller,,,TCU,,medium,https://upload.wikimedia.org/wikipedia/commons/6/61/Saints_vs._Bills_September_28%2C_2025.png
Puka Nacua,,,BYU,,easy,https://upload.wikimedia.org/wikipedia/commons/c/c8/Puka_Nacua_FanDuel_Interview_%28cropped%29.png
Rashee Rice,,,SMU,,medium,https://upload.wikimedia.org/wikipedia/commons/5/5d/2024_ATL_vs_KC_Pregame_Rashee_Rice_%28cropped%29.png
Zay Flowers,,,Boston College,,medium,https://upload.wikimedia.org/wikipedia/commons/d/dd/Zay_Flowers_JUL2024_%2853880447586%29.jpg
Quentin Johnston,,,TCU,,medium,https://upload.wikimedia.org/wikipedia/commons/2/2c/2024_FanDuel_Interview_Quentin_Johnston_%28cropped%29.png
Jaxon Smith-Njigba,,,Ohio State,,easy,https://upload.wikimedia.org/wikipedia/commons/f/f3/Jaxon_Smith-Njigba_FanDuel_Interview_%28cropped%29.png
Tank Dell,,,Houston,,medium,https://upload.wikimedia.org/wikipedia/commons/d/d5/Tank_Dell_%28LLaeTUnN79o%29_%28cropped%29.png
Jalin Hyatt,,,Tennessee,,medium,https://upload.wikimedia.org/wikipedia/commons/4/4a/Jalin_Hyatt.jpg
Cooper DeJean,,,Iowa,,easy,https://upload.wikimedia.org/wikipedia/commons/1/11/Philadelphia_Eagles_Visit_ANC_Blankenship%2C_DeJean_%28cropped%29.jpg
Rome Odunze,,,Washington,,easy,https://upload.wikimedia.org/wikipedia/commons/d/d3/2024-0106-Rome_Odunze.jpg
Marvin Harrison Jr.,,,Ohio State,,easy,https://upload.wikimedia.org/wikipedia/commons/a/ae/Marvin_Harrison_Jr_2022_no_helmet_%28cropped%29.jpg
Malik Nabers,,,LSU,,easy,https://upload.wikimedia.org/wikipedia/commons/9/90/Malik_Nabers_Giants_week_1_2025.jpg
Keon Coleman,,,Florida State,,medium,https://upload.wikimedia.org/wikipedia/commons/3/34/Keon_Coleman_%28250321-A-GH690-3593%29_%28cropped%29.jpg
Xavier Worthy,,,Texas,,easy,https://upload.wikimedia.org/wikipedia/commons/d/d5/Xavier_Worthy_Chiefs_Training_Camp_2025_%28cropped%29.jpg
Ladd McConkey,,,Georgia,,easy,https://upload.wikimedia.org/wikipedia/commons/f/f6/Ladd_McConkey_2024.png
Ricky Pearsall,,,Florida,,easy,https://upload.wikimedia.org/wikipedia/commons/8/8c/Ricky_Pearsall_Senior_Bowl.png
Brian Thomas Jr.,,,LSU,,easy,https://upload.wikimedia.org/wikipedia/commons/3/35/Brian_Thomas_Jr_%28cropped%29.jpg
Brock Bowers,,,Georgia,,easy,https://upload.wikimedia.org/wikipedia/commons/9/93/Brock_Bowers_%282025%29.jpg
Trey McBride,,,Colorado State,,medium,https://upload.wikimedia.org/wikipedia/commons/0/05/2024_FanDuel_Interview_Trey_McBride_%28cropped%29.png
Cade Otton,,,Washington,,hard,https://upload.wikimedia.org/wikipedia/commons/d/d6/Cade_Otton_%2853988919941%29_%28cropped%29.jpg
Cole Kmet,,,Notre Dame,,medium,https://upload.wikimedia.org/wikipedia/commons/7/76/Cole_Kmet_visits_KMC%2C_hosts_youth_football_camp_%28A-Roll%29.png
Will Anderson Jr.,,,Alabama,,easy,https://upload.wikimedia.org/wikipedia/commons/b/b5/Will_Anderson_Jr._NFL_Combine_%28cropped%29.png
Jalen Carter,,,Georgia,,easy,https://upload.wikimedia.org/wikipedia/commons/f/f0/Jalen_Carter_030825.jpg
Tyree Wilson,,,Texas Tech,,medium,https://upload.wikimedia.org/wikipedia/commons/9/97/Tyree_Wilson_NFL_Combine_%28cropped%29.png
Lukas Van Ness,,,Iowa,,hard,https://upload.wikimedia.org/wikipedia/commons/f/f4/Lukas_Van_Ness_at_Fisher_House_%2854440447927_-2%29.jpg
Mazi Smith,,,Michigan,,medium,https://upload.wikimedia.org/wikipedia/commons/9/95/Mazi_Smith_U.S._Army_Soldiers_take_part_in_the_USAA_Salute_to_Service_Boot_Camp_%2812%29_%28cropped%29.jpg
Bryan Bresee,,,Clemson,,medium,https://upload.wikimedia.org/wikipedia/commons/7/7d/Bryan_Bresee_NFL_Combine_%28cropped%29.png
Aidan Hutchinson,,,Michigan,,easy,https://upload.wikimedia.org/wikipedia/commons/5/5f/Aidan_Hutchinson.jpg
Travon Walker,,,Georgia,,easy,https://upload.wikimedia.org/wikipedia/commons/f/f1/Travon_Walker_Commanders_vs_Jaguars_SEP2022_%28cropped%29.jpg
Kayvon Thibodeaux,,,Oregon,,easy,https://upload.wikimedia.org/wikipedia/commons/a/aa/Kayvon_Thibodeaux.png
George Karlaftis,,,Purdue,,medium,https://upload.wikimedia.org/wikipedia/commons/e/e3/George_Karlaftis.jpg
David Ojabo,,,Michigan,,medium,https://upload.wikimedia.org/wikipedia/commons/d/db/David_Ojabo_2021.jpg
Payton Turner,,,Houston,,medium,https://upload.wikimedia.org/wikipedia/commons/7/75/Payton_Turner_2021_%28cropped%29.jpg
Kwity Paye,,,Michigan,,medium,https://upload.wikimedia.org/wikipedia/commons/5/5f/Kwity_Paye_2018.jpg
Zaven Collins,,,Tulsa,,hard,https://upload.wikimedia.org/wikipedia/commons/7/74/Zaven_Collins.png
Jaelan Phillips,,,Miami,,medium,https://upload.wikimedia.org/wikipedia/commons/1/11/Jaelan_Phillips_Dolphins-Falcons_OCT2021.png
Chase Young,,,Ohio State,,easy,https://upload.wikimedia.org/wikipedia/commons/6/6f/Chase_Young_%2851398863497%29_%28cropped%29.jpg
Yetur Gross-Matos,,,Penn State,,hard,https://upload.wikimedia.org/wikipedia/commons/1/1d/Yetur_Gross-Matos_%28cropped%29.jpg
Javon Kinlaw,,,South Carolina,,hard,https://upload.wikimedia.org/wikipedia/commons/e/ef/Javon_Kinlaw_%28cropped%29.jpg
Raekwon Davis,,,Alabama,,medium,https://upload.wikimedia.org/wikipedia/commons/c/c2/Raekwon_Davis.jpg
Vita Vea,,,Washington,,easy,https://upload.wikimedia.org/wikipedia/commons/0/03/Vita_Vea_2021_%28cropped%29.jpg
Jonathan Allen,,,Alabama,,easy,https://upload.wikimedia.org/wikipedia/commons/a/a6/Washington_Commanders_Reveal_Jonathan_Allen_%28cropped%29.jpg
Solomon Thomas,,,Stanford,,easy,https://upload.wikimedia.org/wikipedia/commons/2/28/Solomon_Thomas.jpg
Sheldon Richardson,,,Missouri,,medium,https://upload.wikimedia.org/wikipedia/commons/4/4d/Sheldon_Richardson_Browns_preseason_2019_%28cropped%29.jpg
Star Lotulelei,,,Utah,,hard,https://upload.wikimedia.org/wikipedia/commons/3/38/Saints_vs_Panthers_12.6.15_039.jpg
Dontari Poe,,,Memphis,,hard,https://upload.wikimedia.org/wikipedia/commons/3/32/Dontari_Poe_2014.JPG
Michael Brockers,,,LSU,,hard,https://upload.wikimedia.org/wikipedia/commons/3/3c/Michael_Brockers_Commanders_vs_Lions_2022_%28cropped%29.jpg
Nick Fairley,,,Auburn,,hard,https://upload.wikimedia.org/wikipedia/commons/b/ba/Nick_Fairley_2_%28cropped%29.jpg
Cameron Heyward,,,Ohio State,,easy,https://upload.wikimedia.org/wikipedia/commons/8/85/Cameron_Heyward_OCT2021_%28cropped%29.jpg
Chandler Jones,,,Syracuse,,hard,https://upload.wikimedia.org/wikipedia/commons/9/9a/Chandler_Jones.JPG
Olivier Vernon,,,Miami,,hard,https://upload.wikimedia.org/wikipedia/commons/f/fe/Olivier_Vernon.JPG
Aldon Smith,,,Missouri,,hard,https://upload.wikimedia.org/wikipedia/commons/e/e4/Aldon_Smith_-_San_Francisco_vs_Green_Bay_2012.jpg
Jason Pierre-Paul,,,South Florida,,hard,https://upload.wikimedia.org/wikipedia/commons/6/6e/Jason_Pierre-Paul_%2851684900052%29_%28cropped%29.jpg
Brian Orakpo,,,Texas,,medium,https://upload.wikimedia.org/wikipedia/commons/0/03/Washington_Commanders_Reveal_Brian_Orakpo_%28cropped%29.jpg
Trenton Simpson,,,Clemson,,medium,https://upload.wikimedia.org/wikipedia/commons/4/4e/Trenton_Simpson_NFL_Combine_%28cropped%29.png
Dre Greenlaw,,,Arkansas,,hard,https://upload.wikimedia.org/wikipedia/commons/4/42/Dre_Greenlaw.jpg
Frankie Luvu,,,Washington State,,hard,https://upload.wikimedia.org/wikipedia/commons/b/bb/Frankie_Luvu_2025.jpg
Jordyn Brooks,,,Texas Tech,,hard,https://upload.wikimedia.org/wikipedia/commons/c/c9/Jordyn_Brooks_%2850744647202%29_%28cropped%29.jpg
Patrick Queen,,,LSU,,medium,https://upload.wikimedia.org/wikipedia/commons/5/59/Patrick_Queen.jpg
Malik Harrison,,,Ohio State,,hard,https://upload.wikimedia.org/wikipedia/commons/1/12/Malik_Harrison.jpg
Logan Wilson,,,Wyoming,,hard,https://upload.wikimedia.org/wikipedia/commons/c/c0/2025_Commanders_vs._Bengals_-_Logan_Wilson_%28cropped%29.jpg
Isaiah Simmons,,,Clemson,,medium,https://upload.wikimedia.org/wikipedia/commons/0/0f/Semper_Fi_Bowl_Practice_Day_4_151230-M-AH293-031.jpg
Zack Baun,,,Wisconsin,,hard,https://upload.wikimedia.org/wikipedia/commons/b/b4/ZackBaunUW2018_%28cropped%29.jpg
Shaq Thompson,,,Washington,,medium,https://upload.wikimedia.org/wikipedia/commons/a/aa/Shaq_Thompson_2019_%28cropped2%29.jpg
Eric Kendricks,,,UCLA,,medium,https://upload.wikimedia.org/wikipedia/commons/f/fc/Eric_Kendricks_2015.JPG
Benardrick McKinney,,,Mississippi State,,hard,https://upload.wikimedia.org/wikipedia/commons/f/ff/Benardrick_McKinney.JPG
Ryan Shazier,,,Ohio State,,easy,https://upload.wikimedia.org/wikipedia/commons/1/17/Ryan_Shazier.jpg
Kiko Alonso,,,Oregon,,hard,https://upload.wikimedia.org/wikipedia/commons/6/60/KikoAlonso.jpg
Alec Ogletree,,,Georgia,,hard,https://upload.wikimedia.org/wikipedia/commons/2/2d/Alec_Ogletree_%2844433934320%29_%28cropped%29.jpg
Mychal Kendricks,,,California,,hard,https://upload.wikimedia.org/wikipedia/commons/3/34/Mychal_Kendricks_in_2010.jpg
Bruce Irvin,,,West Virginia,,hard,https://upload.wikimedia.org/wikipedia/commons/1/1c/Bruce_Irvin_in_2013.jpg
Justin Houston,,,Georgia,,medium,https://upload.wikimedia.org/wikipedia/commons/f/f7/Justin_Houston_%28cropped%29.jpg
Brooks Reed,,,Arizona,,hard,https://upload.wikimedia.org/wikipedia/commons/e/ea/Brooks_Reed_2015.jpg
Mason Foster,,,Washington,,hard,https://upload.wikimedia.org/wikipedia/commons/9/98/Mason_foster_redskins2017.jpg
Devon Witherspoon,,,Illinois,,hard,https://upload.wikimedia.org/wikipedia/commons/c/cb/Devon_Witherspoon_FanDuel_Interview_%28cropped%29.png
Christian Gonzalez,,,Oregon,,medium,https://upload.wikimedia.org/wikipedia/commons/1/13/Christian_Gonzalez_NFL_Combine_%28cropped%29.png
Emmanuel Forbes,,,Mississippi State,,hard,https://upload.wikimedia.org/wikipedia/commons/5/5e/Emmanuel_Forbes_2023.jpg
Joey Porter Jr.,,,Penn State,,medium,https://upload.wikimedia.org/wikipedia/commons/e/ee/Joey_Porter_Jr._NFL_Combine_%28cropped%29.png
Deonte Banks,,,Maryland,,hard,https://upload.wikimedia.org/wikipedia/commons/2/2f/Terrapins_at_Wolverines_Deonte_Banks.jpg
Darius Rush,,,South Carolina,,hard,https://upload.wikimedia.org/wikipedia/commons/a/ad/Darius_Rush.jpg
Brian Branch,,,Alabama,,easy,https://upload.wikimedia.org/wikipedia/commons/e/e9/Brian_Branch_NFL_Combine_%28cropped%29.png
Ji'Ayir Brown,,,Penn State,,hard,https://upload.wikimedia.org/wikipedia/commons/6/60/Ji%27Ayir_Brown_NFL_Combine_%28cropped%29.png
Jordan Battle,,,Alabama,,medium,https://upload.wikimedia.org/wikipedia/commons/b/b2/Jordan_Battle%2C_2021.jpg
Tre'von Moehrig,,,TCU,,hard,https://upload.wikimedia.org/wikipedia/commons/d/d4/Trevon_Moehrig_Raiders-WFT_DEC2021_%28cropped%29.jpg
Jevon Holland,,,Oregon,,medium,https://upload.wikimedia.org/wikipedia/commons/7/79/Jevon_Holland_%28cropped%29.jpg
Asante Samuel Jr.,,,Florida State,,medium,https://upload.wikimedia.org/wikipedia/commons/1/16/Asante_Samuel_Jr._Ravens_vs_Chargers_-_51603164290_OCT2021_%28cropped%29.jpg
Kelvin Joseph,,,Kentucky,,hard,https://upload.wikimedia.org/wikipedia/commons/9/98/Kelvin_Joseph_%2852480355914%29_%28cropped%29.jpg
Greg Newsome II,,,Northwestern,,hard,https://upload.wikimedia.org/wikipedia/commons/d/da/Greg_Newsome_II_%282021%29.jpg
Elijah Molden,,,Washington,,hard,https://upload.wikimedia.org/wikipedia/commons/4/4c/Elijah_Molden_2021_09-19.jpg
Paulson Adebo,,,Stanford,,hard,https://upload.wikimedia.org/wikipedia/commons/c/c4/Paulson_Adebo_2021_%28cropped%29_2.jpg
Andre Cisco,,,Syracuse,,hard,https://upload.wikimedia.org/wikipedia/commons/1/16/2025_NYJ_Training_Camp_Question_-_Andre_Cisco.png
Trevon Diggs,,,Alabama,,easy,https://upload.wikimedia.org/wikipedia/commons/b/b4/Trevon_Diggs_December_2021_%28cropped%29.jpg
Darnay Holmes,,,UCLA,,hard,https://upload.wikimedia.org/wikipedia/commons/a/a1/Darnay_Holmes.jpg
Grant Delpit,,,LSU,,medium,https://upload.wikimedia.org/wikipedia/commons/2/2f/Grant_Delpit_Browns_OCT2021_%28cropped%29.jpg
Xavier McKinney,,,Alabama,,easy,https://upload.wikimedia.org/wikipedia/commons/0/06/Xavier_McKinney_2025.jpg
K'Von Wallace,,,Clemson,,hard,https://upload.wikimedia.org/wikipedia/commons/5/5d/Tennessee_Titans_honor_Fort_Campbell_Soldiers_during_%22Salute_to_Service%22_Game_%28cropped%29.jpg
L'Jarius Sneed,,,Louisiana Tech,,hard,https://upload.wikimedia.org/wikipedia/commons/6/69/CB_L%27Jarius_Sneed_on_Official_Titans_Podcast_%28cropped%29.png
Deandre Baker,,,Georgia,,hard,https://upload.wikimedia.org/wikipedia/commons/7/75/Deandre_Baker_%28cropped%29.jpg
Greedy Williams,,,LSU,,hard,https://upload.wikimedia.org/wikipedia/commons/3/3c/Greedy_Williams_2019_%2849093950202%29_%28cropped%29.jpg
Trayvon Mullen,,,Clemson,,hard,https://upload.wikimedia.org/wikipedia/commons/e/ed/Trayvon_Mullen.JPG
Sean Murphy-Bunting,,,Central Michigan,,hard,https://upload.wikimedia.org/wikipedia/commons/6/67/Sean_Murphy-Bunting_Titans_Interview.png
Lonnie Johnson Jr.,,,Kentucky,,hard,https://upload.wikimedia.org/wikipedia/commons/6/6b/Lonnie_Johnson_Jr.png
Juan Thornhill,,,Virginia,,hard,https://upload.wikimedia.org/wikipedia/commons/e/eb/Juan_Thornhill_Newsome_Celebrity_Softball_Game_JUNE2023_%28cropped%29.jpg
Johnathan Abram,,,Mississippi State,,medium,https://upload.wikimedia.org/wikipedia/commons/8/85/Jonathan_Abram_visits_Kadena_%284%29_%28cropped%29.jpg
Taylor Rapp,,,Washington,,hard,https://upload.wikimedia.org/wikipedia/commons/f/f1/Taylor_Rapp.png
Nasir Adderley,,,Delaware,,hard,https://upload.wikimedia.org/wikipedia/commons/2/28/Nasir_Adderley_%2851459803362%29.jpg
Deionte Thompson,,,Alabama,,hard,https://upload.wikimedia.org/wikipedia/commons/b/bd/Deionte_Thompson.png
Rodrigo Blankenship,,,Georgia,,medium,https://upload.wikimedia.org/wikipedia/commons/b/bc/Rodrigo_Blankenship_speaking_to_the_media%2C_Jan_2018_%28cropped%29.jpg
Cameron Dicker,,,Texas,,medium,https://upload.wikimedia.org/wikipedia/commons/9/9d/Cameron_Dicker_3_18_2024.jpg
C.J. Stroud,,,Ohio State,,easy,
Anthony Richardson,,,Florida,,easy,
Daniel Jones,,,Duke,,medium,
Mitch Trubisky,,,North Carolina,,medium,
Trey Lance,,,North Dakota State,,hard,
Jahmyr Gibbs,,,Alabama,,easy,
Kenneth Walker III,,,Michigan State,,easy,https://upload.wikimedia.org/wikipedia/commons/5/52/Kenneth_Walker_III_being_interviewed_by_Time2Football_2026_%28cropped%29.png
James Conner,,,Pittsburgh,,easy,
Aaron Jones,,,UTEP,,hard,
David Montgomery,,,Iowa State,,medium,
J.K. Dobbins,,,Ohio State,,easy,
A.J. Dillon,,,Boston College,,hard,
Chris Johnson,,,East Carolina,,medium,
Edgerrin James,,,Miami,,medium,
D.J. Moore,,,Maryland,,medium,
Henry Ruggs III,WR,,Alabama,,medium,
DJ Chark,WR,,LSU,,medium,
Corey Davis,,,Western Michigan,,hard,
John Ross,WR,,Washington,,medium,
Robert Woods,WR,,USC,,easy,
Pierre Garcon,WR,,Mount Union,,extreme (touch grass),
Dalton Kincaid,WR,,Utah,,medium,https://upload.wikimedia.org/wikipedia/commons/8/8b/Dalton_Kincaid_pro_bowl.png
Michael Mayer,WR,,Notre Dame,,easy,
O.J. Howard,WR,,Alabama,,medium,
Greg Olsen,WR,,Miami,,easy,
Kellen Winslow Jr.,WR,,Miami,,medium,
Joe Thomas,OL,,Wisconsin,,easy,
Steve Hutchinson,OL,,Michigan,,medium,
Ed Oliver,DL,,Houston,,medium,
Chris Jones,DL,,Mississippi State,,medium,
Michael Bennett,DL,,Texas A&M,,medium,
Fred Warner,WR,,BYU,,medium,
Darius Leonard,LB,,South Carolina State,,hard,
Devin Bush,LB,,Michigan,,medium,
C.J. Mosley,LB,,Alabama,,medium,
Navorro Bowman,OL,,Penn State,,hard,
Clay Matthews,LB,,USC,,medium,
James Harrison,LB,,Kent State,,hard,
Byron Jones,DB,,Connecticut,,hard,
A.J. Terrell,DB,,Clemson,,medium,
Jessie Bates III,,,Wake Forest,,hard,
Justin Simmons,,,Boston College,,hard,
Matt Ryan,OL,,Boston College,,medium,
Pierre Strong Jr.,RB,,South Dakota State,,extreme (touch grass),
Roschon Johnson,RB,,Texas,,hard,https://upload.wikimedia.org/wikipedia/commons/b/b7/Roschon_Johnson_%28cropped%29.jpg
Devon Achane,RB,,Texas A&M,,medium,
Keaton Mitchell,RB,,East Carolina,,hard,
Jordan Addison,WR,,USC,,easy,
Josh Downs,WR,,North Carolina,,medium,
Jonathan Mingo,WR,,Ole Miss,,medium,
Rashid Shaheed,WR,,Weber State,,extreme (touch grass),https://upload.wikimedia.org/wikipedia/commons/8/85/Rashid_Shaheed_being_interviewed_by_Time2Football_2026_%28cropped%29.png
Tyler Boyd,WR,,Pittsburgh,,hard,
Adonai Mitchell,WR,,Texas,,medium,
Isaiah Likely,WR,,Coastal Carolina,,hard,
Greg Dulcich,WR,,UCLA,,hard,https://upload.wikimedia.org/wikipedia/commons/6/65/Broncos_DSC_7374_%28cropped%29.jpg
Christian Barmore,DL,,Alabama,,medium,https://upload.wikimedia.org/wikipedia/commons/7/7e/Christian_Barmore_being_interviewed_by_Time2Football_2026_%28cropped%29.png
Gregory Rousseau,DL,,Miami,,hard,
Derrick Brown,DL,,Auburn,,medium,
Ross Blacklock,DL,,TCU,,hard,
Neville Gallimore,DL,,Oklahoma,,hard,
Da'Ron Payne,DL,,Alabama,,medium,
Taven Bryan,DL,,Florida,,hard,
Maurice Hurst,DL,,Michigan,,hard,
Malik Jackson,DL,,Tennessee,,hard,
J.J. Watt,DL,,Wisconsin,,easy,
Robert Quinn,DL,,North Carolina,,hard,
Jack Campbell,LB,,Iowa,,medium,
Kenneth Murray,LB,,Oklahoma,,medium,
Akeem Davis-Gaither,LB,,Appalachian State,,hard,
Anthony Barr,LB,,UCLA,,hard,
Sydney Brown,OL,,Illinois,,hard,
Eric Stokes,DB,,Georgia,,medium,
Tyson Campbell,DB,,Georgia,,medium,
Richie Grant,OL,,UCF,,hard,
Byron Murphy,DB,,Washington,,hard,
Chauncey Gardner-Johnson,OL,,Florida,,medium,
Justin Gilbert,DB,,Oklahoma State,,hard,https://upload.wikimedia.org/wikipedia/commons/5/53/Justin_Gilbert_2014_Browns_training_camp_%283%29.jpg
Dee Milliner,DB,,Alabama,,hard,https://upload.wikimedia.org/wikipedia/commons/2/20/DeMarcus_Milliner_at_Alabama.jpg
Stephon Gilmore,,,South Carolina,,hard,https://upload.wikimedia.org/wikipedia/commons/f/f2/Stephon_Gilmore_WFT-Panthers_NOV2021_%28cropped%29.jpg
Darius Slay,,,Mississippi State,,medium,https://upload.wikimedia.org/wikipedia/commons/c/c0/Darius_Slay_On_January_1_2017_%28cropped%29.jpg
Xavien Howard,,,Baylor,,hard,https://upload.wikimedia.org/wikipedia/commons/0/07/Xavien_Howard_at_2022_Pro_Bowl.png
James Bradberry,,,Samford,,hard,https://upload.wikimedia.org/wikipedia/commons/d/d9/James_Bradberry_Giants_SEPT2021_%28cropped%29.jpg
Carlton Davis,,,Auburn,,hard,https://upload.wikimedia.org/wikipedia/commons/1/19/Carlton_Davis_%2850833222407%29_%28cropped%29.jpg
Asante Samuel,,,UCF,,hard,https://upload.wikimedia.org/wikipedia/commons/d/d1/Asante-Samuel-2008-Camp-Military-Appreciation.jpg
Nnamdi Asomugha,,,California,,hard,https://upload.wikimedia.org/wikipedia/commons/f/fb/Nnamdi_Asomugha_in_2009.jpg
Champ Bailey,,,Georgia,,medium,https://upload.wikimedia.org/wikipedia/commons/a/ae/Champ_Bailey_2010.JPG
Charles Woodson,,,Michigan,,easy,https://upload.wikimedia.org/wikipedia/commons/6/63/Charles_Woodson_2014_2.JPG
Ty Law,,,Michigan,,medium,https://upload.wikimedia.org/wikipedia/commons/b/b0/Ty_Law.JPG
Darrell Green,,,Texas A&I,,extreme (touch grass),https://upload.wikimedia.org/wikipedia/commons/a/a1/Darrell_Green_49ers_at_Redskins_2019_%2848933295231%29_%28cropped%29.jpg
Deion Sanders,,,Florida State,,easy,https://upload.wikimedia.org/wikipedia/commons/9/9f/Deion_Sanders_%288216060%29_%28cropped%29.jpg
Ronde Barber,,,Virginia,,medium,https://upload.wikimedia.org/wikipedia/commons/e/ea/Ronde_Barber.JPG
Brian Dawkins,,,Clemson,,easy,https://upload.wikimedia.org/wikipedia/commons/8/88/Brian_Dawkins_Philly_HOF_%28cropped%29.jpg
Ed Reed,,,Miami,,easy,https://upload.wikimedia.org/wikipedia/commons/b/bb/Ed_Reed_by_Gage_Skidmore.jpg
Troy Polamalu,,,USC,,easy,https://upload.wikimedia.org/wikipedia/commons/2/28/Troy_Polamalu_2013_%28cropped%29.jpg
Earl Thomas,,,Texas,,easy,https://upload.wikimedia.org/wikipedia/commons/5/5f/Earl_Thomas_vs._Redskins_2014_Cropped.jpg
Kam Chancellor,,,Virginia Tech,,easy,https://upload.wikimedia.org/wikipedia/commons/9/99/Kam_Chancellor_2014_2.jpg
Eric Berry,,,Tennessee,,medium,https://upload.wikimedia.org/wikipedia/commons/2/24/Eric_Berry.JPG
Malcolm Jenkins,,,Ohio State,,medium,https://upload.wikimedia.org/wikipedia/commons/b/bd/Malcolm_Jenkins_2014.jpg
Tyrann Mathieu,,,LSU,,easy,https://upload.wikimedia.org/wikipedia/commons/0/04/Tyrann_Mathieu_Chiefs_OCT2021_%28cropped%29.jpg
Landon Collins,,,Alabama,,medium,https://upload.wikimedia.org/wikipedia/commons/b/bb/Landon_Collins_2021.jpg
Jamal Adams,,,LSU,,easy,https://upload.wikimedia.org/wikipedia/commons/d/d1/2025_Raiders_at_Commanders_Jamal_Adams_%28cropped%29.jpg
Kevin Byard,,,Middle Tennessee State,,hard,https://upload.wikimedia.org/wikipedia/commons/e/e1/Kevin_Byard.jpg
Harrison Smith,,,Notre Dame,,medium,https://upload.wikimedia.org/wikipedia/commons/7/7d/Harrison_Smith_%28American_football%29.JPG
Budda Baker,,,Washington,,medium,https://upload.wikimedia.org/wikipedia/commons/5/55/Budda_Baker_on_FanDuel_TV_FEB2023_%28cropped%29.png
Antoine Winfield Jr.,,,Minnesota,,medium,https://upload.wikimedia.org/wikipedia/commons/4/45/Antoine_Winfield_Jr_WFT-Buccaneers_NOV2021_%28cropped%29.jpg
Kyle Hamilton,,,Notre Dame,,easy,https://upload.wikimedia.org/wikipedia/commons/3/30/Kyle_Hamilton_%2853880437431%29.jpg
Jaquan Brisker,,,Penn State,,medium,https://upload.wikimedia.org/wikipedia/commons/f/fb/Jaquan_Brisker.png
Justin Tucker,,,Texas,,easy,https://upload.wikimedia.org/wikipedia/commons/1/18/Justin_Tucker_JUL2024_%2853880733153%29.jpg
Wil Lutz,,,Georgia State,,hard,https://upload.wikimedia.org/wikipedia/commons/c/c4/Wil_Lutz.png
Jake Elliott,,,Memphis,,hard,https://upload.wikimedia.org/wikipedia/commons/5/57/Jake_Elliott_-_April_2025_Philadelphia_Eagles_Visit_ANC_%28cropped%29.jpg
Matt Prater,,,Central Florida,,hard,https://upload.wikimedia.org/wikipedia/commons/3/38/Matt_Prater_2012.JPG
Adam Vinatieri,,,South Dakota State,,extreme (touch grass),https://upload.wikimedia.org/wikipedia/commons/d/dd/Rigoberto_Sanchez%2C_Adam_Vinatieri_%2844679700592%29_%28cropped%29.jpg
Stephen Gostkowski,,,Memphis,,hard,https://upload.wikimedia.org/wikipedia/commons/a/a1/Stephen_Gostkowski_9_27_2020.jpg
Mason Crosby,,,Colorado,,hard,https://upload.wikimedia.org/wikipedia/commons/0/02/Mason_crosby_2010.jpg
Sebastian Janikowski,,,Florida State,,hard,https://upload.wikimedia.org/wikipedia/commons/d/d4/Sebastian_Janikowski.JPG
Kirk Cousins,,,Michigan State,,easy,https://upload.wikimedia.org/wikipedia/commons/f/fa/Cousins_2022.jpg
Ryan Tannehill,,,Texas A&M,,medium,https://upload.wikimedia.org/wikipedia/commons/2/25/Ryan_Tannehill_2021_09-19.jpg
Jimmy Garoppolo,,,Eastern Illinois,,hard,https://upload.wikimedia.org/wikipedia/commons/8/83/Raiders_QB_visits_Nellis_Airmen_%281%29_%28cropped%29.jpg
Matthew Stafford,,,Georgia,,easy,https://upload.wikimedia.org/wikipedia/commons/5/53/Stafford_6_731_%28cropped3%29.jpg
Philip Rivers,,,NC State,,hard,https://upload.wikimedia.org/wikipedia/commons/3/3d/Philip_Rivers_Indianapolis_Colts_Helmet.jpg
Ben Roethlisberger,,,Miami (OH),,hard,https://upload.wikimedia.org/wikipedia/commons/9/96/Ben_Roethlisberger_%2851654680119%29_%28cropped%29.jpg
Cam Newton,,,Auburn,,medium,https://upload.wikimedia.org/wikipedia/commons/8/87/Cam_Newton_2021_WFT_vs_CAR_%28cropped%29.jpg
Andrew Luck,,,Stanford,,medium,https://upload.wikimedia.org/wikipedia/commons/8/80/Andrew_Luck_vs._Redskins_2018.jpg
Carson Palmer,,,USC,,medium,https://upload.wikimedia.org/wikipedia/commons/7/7f/Carson_Palmer_2015.JPG
Isiah Pacheco,,,Rutgers,,hard,https://upload.wikimedia.org/wikipedia/commons/e/ec/POPCC_%28cropped%29.png
Rachaad White,,,Arizona State,,hard,https://upload.wikimedia.org/wikipedia/commons/1/1b/Buccaneers_RB_Rachaad_White_-_Front_Office_Sports_Interview.png
Tyler Allgeier,,,BYU,,hard,https://upload.wikimedia.org/wikipedia/commons/1/16/Tyler_Allgeier.png
Dameon Pierce,,,Florida,,medium,https://upload.wikimedia.org/wikipedia/commons/e/ea/Dameon_Pierce_%28cropped%29.jpg
James Cook,,,Georgia,,easy,https://upload.wikimedia.org/wikipedia/commons/7/76/Captainjamescookportrait.jpg
Jerome Ford,,,Cincinnati,,hard,https://upload.wikimedia.org/wikipedia/commons/9/9b/Jerome_Ford_%2852340583231%29_%28cropped%29.jpg
Zamir White,,,Georgia,,medium,https://upload.wikimedia.org/wikipedia/commons/9/99/Zamir_White.jpg
Kyren Williams,,,Notre Dame,,medium,https://upload.wikimedia.org/wikipedia/commons/8/8c/2025_FanDuel_Super_Bowl_LIX_Winner_Poll_-_Kyren_Williams_%28cropped%29.png
Tyjae Spears,,,Tulane,,hard,https://upload.wikimedia.org/wikipedia/commons/2/26/2024_GB_vs_TEN_Tyjae_Spears_%28cropped%29.png
Tank Bigsby,,,Auburn,,hard,https://upload.wikimedia.org/wikipedia/commons/f/f2/Tank_Bigsby_interview.png
Zach Charbonnet,,,UCLA,,hard,https://upload.wikimedia.org/wikipedia/commons/a/af/Zach_Charbonnet_2019.09.07_%2848870334696%29_%28cropped%29.jpg
De'Von Achane,,,Texas A&M,,medium,https://upload.wikimedia.org/wikipedia/commons/0/0a/2024_FanDuel_Interview_De%27Von_Achane_%28cropped%29.png
Kendre Miller,,,TCU,,medium,https://upload.wikimedia.org/wikipedia/commons/6/61/Saints_vs._Bills_September_28%2C_2025.png
Puka Nacua,,,BYU,,easy,https://upload.wikimedia.org/wikipedia/commons/c/c8/Puka_Nacua_FanDuel_Interview_%28cropped%29.png
Rashee Rice,,,SMU,,medium,https://upload.wikimedia.org/wikipedia/commons/5/5d/2024_ATL_vs_KC_Pregame_Rashee_Rice_%28cropped%29.png
Zay Flowers,,,Boston College,,medium,https://upload.wikimedia.org/wikipedia/commons/d/dd/Zay_Flowers_JUL2024_%2853880447586%29.jpg
Quentin Johnston,,,TCU,,medium,https://upload.wikimedia.org/wikipedia/commons/2/2c/2024_FanDuel_Interview_Quentin_Johnston_%28cropped%29.png
Jaxon Smith-Njigba,,,Ohio State,,easy,https://upload.wikimedia.org/wikipedia/commons/f/f3/Jaxon_Smith-Njigba_FanDuel_Interview_%28cropped%29.png
Tank Dell,,,Houston,,medium,https://upload.wikimedia.org/wikipedia/commons/d/d5/Tank_Dell_%28LLaeTUnN79o%29_%28cropped%29.png
Jalin Hyatt,,,Tennessee,,medium,https://upload.wikimedia.org/wikipedia/commons/4/4a/Jalin_Hyatt.jpg
Cooper DeJean,,,Iowa,,easy,https://upload.wikimedia.org/wikipedia/commons/1/11/Philadelphia_Eagles_Visit_ANC_Blankenship%2C_DeJean_%28cropped%29.jpg
Rome Odunze,,,Washington,,easy,https://upload.wikimedia.org/wikipedia/commons/d/d3/2024-0106-Rome_Odunze.jpg
Marvin Harrison Jr.,,,Ohio State,,easy,https://upload.wikimedia.org/wikipedia/commons/a/ae/Marvin_Harrison_Jr_2022_no_helmet_%28cropped%29.jpg
Malik Nabers,,,LSU,,easy,https://upload.wikimedia.org/wikipedia/commons/9/90/Malik_Nabers_Giants_week_1_2025.jpg
Keon Coleman,,,Florida State,,medium,https://upload.wikimedia.org/wikipedia/commons/3/34/Keon_Coleman_%28250321-A-GH690-3593%29_%28cropped%29.jpg
Xavier Worthy,,,Texas,,easy,https://upload.wikimedia.org/wikipedia/commons/d/d5/Xavier_Worthy_Chiefs_Training_Camp_2025_%28cropped%29.jpg
Ladd McConkey,,,Georgia,,easy,https://upload.wikimedia.org/wikipedia/commons/f/f6/Ladd_McConkey_2024.png
Ricky Pearsall,,,Florida,,easy,https://upload.wikimedia.org/wikipedia/commons/8/8c/Ricky_Pearsall_Senior_Bowl.png
Brian Thomas Jr.,,,LSU,,easy,https://upload.wikimedia.org/wikipedia/commons/3/35/Brian_Thomas_Jr_%28cropped%29.jpg
Brock Bowers,,,Georgia,,easy,https://upload.wikimedia.org/wikipedia/commons/9/93/Brock_Bowers_%282025%29.jpg
Trey McBride,,,Colorado State,,medium,https://upload.wikimedia.org/wikipedia/commons/0/05/2024_FanDuel_Interview_Trey_McBride_%28cropped%29.png
Cade Otton,,,Washington,,hard,https://upload.wikimedia.org/wikipedia/commons/d/d6/Cade_Otton_%2853988919941%29_%28cropped%29.jpg
Cole Kmet,,,Notre Dame,,medium,https://upload.wikimedia.org/wikipedia/commons/7/76/Cole_Kmet_visits_KMC%2C_hosts_youth_football_camp_%28A-Roll%29.png
Will Anderson Jr.,,,Alabama,,easy,https://upload.wikimedia.org/wikipedia/commons/b/b5/Will_Anderson_Jr._NFL_Combine_%28cropped%29.png
Jalen Carter,,,Georgia,,easy,https://upload.wikimedia.org/wikipedia/commons/f/f0/Jalen_Carter_030825.jpg
Tyree Wilson,,,Texas Tech,,medium,https://upload.wikimedia.org/wikipedia/commons/9/97/Tyree_Wilson_NFL_Combine_%28cropped%29.png
Lukas Van Ness,,,Iowa,,hard,https://upload.wikimedia.org/wikipedia/commons/f/f4/Lukas_Van_Ness_at_Fisher_House_%2854440447927_-2%29.jpg
Mazi Smith,,,Michigan,,medium,https://upload.wikimedia.org/wikipedia/commons/9/95/Mazi_Smith_U.S._Army_Soldiers_take_part_in_the_USAA_Salute_to_Service_Boot_Camp_%2812%29_%28cropped%29.jpg
Bryan Bresee,,,Clemson,,medium,https://upload.wikimedia.org/wikipedia/commons/7/7d/Bryan_Bresee_NFL_Combine_%28cropped%29.png
Aidan Hutchinson,,,Michigan,,easy,https://upload.wikimedia.org/wikipedia/commons/5/5f/Aidan_Hutchinson.jpg
Travon Walker,,,Georgia,,easy,https://upload.wikimedia.org/wikipedia/commons/f/f1/Travon_Walker_Commanders_vs_Jaguars_SEP2022_%28cropped%29.jpg
Kayvon Thibodeaux,,,Oregon,,easy,https://upload.wikimedia.org/wikipedia/commons/a/aa/Kayvon_Thibodeaux.png
George Karlaftis,,,Purdue,,medium,https://upload.wikimedia.org/wikipedia/commons/e/e3/George_Karlaftis.jpg
David Ojabo,,,Michigan,,medium,https://upload.wikimedia.org/wikipedia/commons/d/db/David_Ojabo_2021.jpg
Payton Turner,,,Houston,,medium,https://upload.wikimedia.org/wikipedia/commons/7/75/Payton_Turner_2021_%28cropped%29.jpg
Kwity Paye,,,Michigan,,medium,https://upload.wikimedia.org/wikipedia/commons/5/5f/Kwity_Paye_2018.jpg
Zaven Collins,,,Tulsa,,hard,https://upload.wikimedia.org/wikipedia/commons/7/74/Zaven_Collins.png
Jaelan Phillips,,,Miami,,medium,https://upload.wikimedia.org/wikipedia/commons/1/11/Jaelan_Phillips_Dolphins-Falcons_OCT2021.png
Chase Young,,,Ohio State,,easy,https://upload.wikimedia.org/wikipedia/commons/6/6f/Chase_Young_%2851398863497%29_%28cropped%29.jpg
Yetur Gross-Matos,,,Penn State,,hard,https://upload.wikimedia.org/wikipedia/commons/1/1d/Yetur_Gross-Matos_%28cropped%29.jpg
Javon Kinlaw,,,South Carolina,,hard,https://upload.wikimedia.org/wikipedia/commons/e/ef/Javon_Kinlaw_%28cropped%29.jpg
Raekwon Davis,,,Alabama,,medium,https://upload.wikimedia.org/wikipedia/commons/c/c2/Raekwon_Davis.jpg
Vita Vea,,,Washington,,easy,https://upload.wikimedia.org/wikipedia/commons/0/03/Vita_Vea_2021_%28cropped%29.jpg
Jonathan Allen,,,Alabama,,easy,https://upload.wikimedia.org/wikipedia/commons/a/a6/Washington_Commanders_Reveal_Jonathan_Allen_%28cropped%29.jpg
Solomon Thomas,,,Stanford,,easy,https://upload.wikimedia.org/wikipedia/commons/2/28/Solomon_Thomas.jpg
Sheldon Richardson,,,Missouri,,medium,https://upload.wikimedia.org/wikipedia/commons/4/4d/Sheldon_Richardson_Browns_preseason_2019_%28cropped%29.jpg
Star Lotulelei,,,Utah,,hard,https://upload.wikimedia.org/wikipedia/commons/3/38/Saints_vs_Panthers_12.6.15_039.jpg
Dontari Poe,,,Memphis,,hard,https://upload.wikimedia.org/wikipedia/commons/3/32/Dontari_Poe_2014.JPG
Michael Brockers,,,LSU,,hard,https://upload.wikimedia.org/wikipedia/commons/3/3c/Michael_Brockers_Commanders_vs_Lions_2022_%28cropped%29.jpg
Nick Fairley,,,Auburn,,hard,https://upload.wikimedia.org/wikipedia/commons/b/ba/Nick_Fairley_2_%28cropped%29.jpg
Cameron Heyward,,,Ohio State,,easy,https://upload.wikimedia.org/wikipedia/commons/8/85/Cameron_Heyward_OCT2021_%28cropped%29.jpg
Chandler Jones,,,Syracuse,,hard,https://upload.wikimedia.org/wikipedia/commons/9/9a/Chandler_Jones.JPG
Olivier Vernon,,,Miami,,hard,https://upload.wikimedia.org/wikipedia/commons/f/fe/Olivier_Vernon.JPG
Aldon Smith,,,Missouri,,hard,https://upload.wikimedia.org/wikipedia/commons/e/e4/Aldon_Smith_-_San_Francisco_vs_Green_Bay_2012.jpg
Jason Pierre-Paul,,,South Florida,,hard,https://upload.wikimedia.org/wikipedia/commons/6/6e/Jason_Pierre-Paul_%2851684900052%29_%28cropped%29.jpg
Brian Orakpo,,,Texas,,medium,https://upload.wikimedia.org/wikipedia/commons/0/03/Washington_Commanders_Reveal_Brian_Orakpo_%28cropped%29.jpg
Trenton Simpson,,,Clemson,,medium,https://upload.wikimedia.org/wikipedia/commons/4/4e/Trenton_Simpson_NFL_Combine_%28cropped%29.png
Dre Greenlaw,,,Arkansas,,hard,https://upload.wikimedia.org/wikipedia/commons/4/42/Dre_Greenlaw.jpg
Frankie Luvu,,,Washington State,,hard,https://upload.wikimedia.org/wikipedia/commons/b/bb/Frankie_Luvu_2025.jpg
Jordyn Brooks,,,Texas Tech,,hard,https://upload.wikimedia.org/wikipedia/commons/c/c9/Jordyn_Brooks_%2850744647202%29_%28cropped%29.jpg
Patrick Queen,,,LSU,,medium,https://upload.wikimedia.org/wikipedia/commons/5/59/Patrick_Queen.jpg
Malik Harrison,,,Ohio State,,hard,https://upload.wikimedia.org/wikipedia/commons/1/12/Malik_Harrison.jpg
Logan Wilson,,,Wyoming,,hard,https://upload.wikimedia.org/wikipedia/commons/c/c0/2025_Commanders_vs._Bengals_-_Logan_Wilson_%28cropped%29.jpg
Isaiah Simmons,,,Clemson,,medium,https://upload.wikimedia.org/wikipedia/commons/0/0f/Semper_Fi_Bowl_Practice_Day_4_151230-M-AH293-031.jpg
Zack Baun,,,Wisconsin,,hard,https://upload.wikimedia.org/wikipedia/commons/b/b4/ZackBaunUW2018_%28cropped%29.jpg
Shaq Thompson,,,Washington,,medium,https://upload.wikimedia.org/wikipedia/commons/a/aa/Shaq_Thompson_2019_%28cropped2%29.jpg
Eric Kendricks,,,UCLA,,medium,https://upload.wikimedia.org/wikipedia/commons/f/fc/Eric_Kendricks_2015.JPG
Benardrick McKinney,,,Mississippi State,,hard,https://upload.wikimedia.org/wikipedia/commons/f/ff/Benardrick_McKinney.JPG
Ryan Shazier,,,Ohio State,,easy,https://upload.wikimedia.org/wikipedia/commons/1/17/Ryan_Shazier.jpg
Kiko Alonso,,,Oregon,,hard,https://upload.wikimedia.org/wikipedia/commons/6/60/KikoAlonso.jpg
Alec Ogletree,,,Georgia,,hard,https://upload.wikimedia.org/wikipedia/commons/2/2d/Alec_Ogletree_%2844433934320%29_%28cropped%29.jpg
Mychal Kendricks,,,California,,hard,https://upload.wikimedia.org/wikipedia/commons/3/34/Mychal_Kendricks_in_2010.jpg
Bruce Irvin,,,West Virginia,,hard,https://upload.wikimedia.org/wikipedia/commons/1/1c/Bruce_Irvin_in_2013.jpg
Justin Houston,,,Georgia,,medium,https://upload.wikimedia.org/wikipedia/commons/f/f7/Justin_Houston_%28cropped%29.jpg
Brooks Reed,,,Arizona,,hard,https://upload.wikimedia.org/wikipedia/commons/e/ea/Brooks_Reed_2015.jpg
Mason Foster,,,Washington,,hard,https://upload.wikimedia.org/wikipedia/commons/9/98/Mason_foster_redskins2017.jpg
Devon Witherspoon,,,Illinois,,hard,https://upload.wikimedia.org/wikipedia/commons/c/cb/Devon_Witherspoon_FanDuel_Interview_%28cropped%29.png
Christian Gonzalez,,,Oregon,,medium,https://upload.wikimedia.org/wikipedia/commons/1/13/Christian_Gonzalez_NFL_Combine_%28cropped%29.png
Emmanuel Forbes,,,Mississippi State,,hard,https://upload.wikimedia.org/wikipedia/commons/5/5e/Emmanuel_Forbes_2023.jpg
Joey Porter Jr.,,,Penn State,,medium,https://upload.wikimedia.org/wikipedia/commons/e/ee/Joey_Porter_Jr._NFL_Combine_%28cropped%29.png
Deonte Banks,,,Maryland,,hard,https://upload.wikimedia.org/wikipedia/commons/2/2f/Terrapins_at_Wolverines_Deonte_Banks.jpg
Darius Rush,,,South Carolina,,hard,https://upload.wikimedia.org/wikipedia/commons/a/ad/Darius_Rush.jpg
Brian Branch,,,Alabama,,easy,https://upload.wikimedia.org/wikipedia/commons/e/e9/Brian_Branch_NFL_Combine_%28cropped%29.png
Ji'Ayir Brown,,,Penn State,,hard,https://upload.wikimedia.org/wikipedia/commons/6/60/Ji%27Ayir_Brown_NFL_Combine_%28cropped%29.png
Jordan Battle,,,Alabama,,medium,https://upload.wikimedia.org/wikipedia/commons/b/b2/Jordan_Battle%2C_2021.jpg
Tre'von Moehrig,,,TCU,,hard,https://upload.wikimedia.org/wikipedia/commons/d/d4/Trevon_Moehrig_Raiders-WFT_DEC2021_%28cropped%29.jpg
Jevon Holland,,,Oregon,,medium,https://upload.wikimedia.org/wikipedia/commons/7/79/Jevon_Holland_%28cropped%29.jpg
Asante Samuel Jr.,,,Florida State,,medium,https://upload.wikimedia.org/wikipedia/commons/1/16/Asante_Samuel_Jr._Ravens_vs_Chargers_-_51603164290_OCT2021_%28cropped%29.jpg
Kelvin Joseph,,,Kentucky,,hard,https://upload.wikimedia.org/wikipedia/commons/9/98/Kelvin_Joseph_%2852480355914%29_%28cropped%29.jpg
Greg Newsome II,,,Northwestern,,hard,https://upload.wikimedia.org/wikipedia/commons/d/da/Greg_Newsome_II_%282021%29.jpg
Elijah Molden,,,Washington,,hard,https://upload.wikimedia.org/wikipedia/commons/4/4c/Elijah_Molden_2021_09-19.jpg
Paulson Adebo,,,Stanford,,hard,https://upload.wikimedia.org/wikipedia/commons/c/c4/Paulson_Adebo_2021_%28cropped%29_2.jpg
Andre Cisco,,,Syracuse,,hard,https://upload.wikimedia.org/wikipedia/commons/1/16/2025_NYJ_Training_Camp_Question_-_Andre_Cisco.png
Trevon Diggs,,,Alabama,,easy,https://upload.wikimedia.org/wikipedia/commons/b/b4/Trevon_Diggs_December_2021_%28cropped%29.jpg
Darnay Holmes,,,UCLA,,hard,https://upload.wikimedia.org/wikipedia/commons/a/a1/Darnay_Holmes.jpg
Grant Delpit,,,LSU,,medium,https://upload.wikimedia.org/wikipedia/commons/2/2f/Grant_Delpit_Browns_OCT2021_%28cropped%29.jpg
Xavier McKinney,,,Alabama,,easy,https://upload.wikimedia.org/wikipedia/commons/0/06/Xavier_McKinney_2025.jpg
K'Von Wallace,,,Clemson,,hard,https://upload.wikimedia.org/wikipedia/commons/5/5d/Tennessee_Titans_honor_Fort_Campbell_Soldiers_during_%22Salute_to_Service%22_Game_%28cropped%29.jpg
L'Jarius Sneed,,,Louisiana Tech,,hard,https://upload.wikimedia.org/wikipedia/commons/6/69/CB_L%27Jarius_Sneed_on_Official_Titans_Podcast_%28cropped%29.png
Deandre Baker,,,Georgia,,hard,https://upload.wikimedia.org/wikipedia/commons/7/75/Deandre_Baker_%28cropped%29.jpg
Greedy Williams,,,LSU,,hard,https://upload.wikimedia.org/wikipedia/commons/3/3c/Greedy_Williams_2019_%2849093950202%29_%28cropped%29.jpg
Trayvon Mullen,,,Clemson,,hard,https://upload.wikimedia.org/wikipedia/commons/e/ed/Trayvon_Mullen.JPG
Sean Murphy-Bunting,,,Central Michigan,,hard,https://upload.wikimedia.org/wikipedia/commons/6/67/Sean_Murphy-Bunting_Titans_Interview.png
Lonnie Johnson Jr.,,,Kentucky,,hard,https://upload.wikimedia.org/wikipedia/commons/6/6b/Lonnie_Johnson_Jr.png
Juan Thornhill,,,Virginia,,hard,https://upload.wikimedia.org/wikipedia/commons/e/eb/Juan_Thornhill_Newsome_Celebrity_Softball_Game_JUNE2023_%28cropped%29.jpg
Johnathan Abram,,,Mississippi State,,medium,https://upload.wikimedia.org/wikipedia/commons/8/85/Jonathan_Abram_visits_Kadena_%284%29_%28cropped%29.jpg
Taylor Rapp,,,Washington,,hard,https://upload.wikimedia.org/wikipedia/commons/f/f1/Taylor_Rapp.png
Nasir Adderley,,,Delaware,,hard,https://upload.wikimedia.org/wikipedia/commons/2/28/Nasir_Adderley_%2851459803362%29.jpg
Deionte Thompson,,,Alabama,,hard,https://upload.wikimedia.org/wikipedia/commons/b/bd/Deionte_Thompson.png
Rodrigo Blankenship,,,Georgia,,medium,https://upload.wikimedia.org/wikipedia/commons/b/bc/Rodrigo_Blankenship_speaking_to_the_media%2C_Jan_2018_%28cropped%29.jpg
Cameron Dicker,,,Texas,,medium,https://upload.wikimedia.org/wikipedia/commons/9/9d/Cameron_Dicker_3_18_2024.jpg